region,category,name,query,score,blog_mentions,instagram_mentions,cafe_mentions,facebook_mentions,address,category_hint,source,source_url,collected_at
가평,affordable_stays,W지우리조트,가평 W지우리조트,100,1354,0,303,0,경기도 가평군 가평읍 북한강변로 970-9 W지우리조트,"숙박>콘도,리조트",naver_search_api,http://www.wjiwooresort.com,2026-05-22T05:48:35+00:00
가평,affordable_stays,은하눌풀빌라,가평 은하눌풀빌라,100,110,0,28,0,경기도 가평군 북면 꽃넘이길 71-1 은하눌풀빌라,숙박>펜션,naver_search_api,http://eunhanul.staynt.co.kr,2026-05-22T05:48:35+00:00
가평,affordable_stays,파인트리키즈풀빌라,가평 파인트리키즈풀빌라,100,2785,0,1465,0,경기도 가평군 상면 축령로45번길 62-29 파인트리키즈풀빌라,숙박>펜션,naver_search_api,http://pinetreekids.co.kr,2026-05-22T05:48:35+00:00
가평,affordable_stays,가평자작나무글램핑,가평 가평자작나무글램핑,100,835,0,587,0,경기도 가평군 북면 화악산로 729-17,"숙박>캠핑,야영장",naver_search_api,http://jajaknamoo.co.kr/,2026-05-22T05:48:35+00:00
가평,affordable_stays,"안녕,오늘풀빌라펜션","가평 안녕,오늘풀빌라펜션",100,83,0,3,0,"경기도 가평군 청평면 호명리길 182 안녕,오늘 풀빌라 펜션",숙박>펜션,naver_search_api,https://www.안녕오늘풀빌라.com/,2026-05-22T05:48:35+00:00
가평,affordable_stays,디어먼데이 춘천남이섬 호텔정관루점,가평 디어먼데이 춘천남이섬 호텔정관루점,100,12,0,61,0,강원특별자치도 춘천시 남산면 방하리 198-1,"서비스,산업>장소대여",naver_search_api,,2026-05-22T05:48:35+00:00
가평,affordable_stays,봉봉게스트하우스,가평 봉봉게스트하우스,100,462,0,41,0,경기도 가평군 청평면 양진길 11-10,숙박>게스트하우스,naver_search_api,https://www.instagram.com/bongbongguesthaus,2026-05-22T05:48:35+00:00
가평,affordable_stays,취옹예술관,가평 취옹예술관,100,854,0,285,0,경기도 가평군 상면 수목원로 300,숙박>전통숙소,naver_search_api,https://site.onda.me/20419,2026-05-22T05:48:35+00:00
가평,affordable_stays,자라게스트하우스,가평 자라게스트하우스,100,1425,0,244,0,경기도 가평군 가평읍 호반로 2583,숙박>게스트하우스,naver_search_api,,2026-05-22T05:48:35+00:00
가평,affordable_stays,자라섬게스트하우스,가평 자라섬게스트하우스,100,11337,0,6066,0,경기도 가평군 가평읍 오리나무길 51 자라섬게스트하우스,숙박>게스트하우스,naver_search_api,http://www.jarasumguesthouse.com/,2026-05-22T05:48:35+00:00
가평,affordable_stays,에그하우스 가평점,가평 에그하우스 가평점,100,26,0,2,0,경기도 가평군 가평읍 가화로 55-9 2층,숙박>게스트하우스,naver_search_api,http://에그하우스.com/index.html,2026-05-22T05:48:35+00:00
가평,camping,트라움풀빌라글램핑&amp;카라반,가평 트라움풀빌라글램핑&amp;카라반,100,3024,0,866,0,경기도 가평군 상면 왕대벌길 60 트라움 풀빌라글램핑&카라반,"숙박>캠핑,야영장",naver_search_api,http://트라움풀글램핑.com,2026-05-22T05:48:35+00:00
가평,camping,새연 카라반 글램핑 현리1호점,가평 새연 카라반 글램핑 현리1호점,100,517,0,65,0,경기도 가평군 조종면 운악청계로333번길 86,"숙박>캠핑,야영장",naver_search_api,http://saeyeoncaravan.co.kr/?intro=OK,2026-05-22T05:48:35+00:00
가평,camping,가평명지산카라반글램핑,가평 가평명지산카라반글램핑,100,29795,0,29543,0,경기도 가평군 북면 가화로 2932-23 가평명지산카라반글램핑,"숙박>캠핑,야영장",naver_search_api,https://www.instagram.com/myeongjisan_glamping,2026-05-22T05:48:35+00:00
가평,camping,새연 카라반 글램핑 설악2호점,가평 새연 카라반 글램핑 설악2호점,100,428,0,54,0,경기도 가평군 설악면 유명로 1939 새연리조트 설악2호점,"숙박>캠핑,야영장",naver_search_api,http://www.새연리조트가평설악2호점.com,2026-05-22T05:48:35+00:00
가평,camping,바이올린 글램핑&amp;카라반,가평 바이올린 글램핑&amp;카라반,100,2143,0,12,0,경기도 가평군 가평읍 북한강변로 443 바이올린 글램핑,"숙박>캠핑,야영장",naver_search_api,http://www.violinglamping.co.kr/,2026-05-22T05:48:35+00:00
가평,camping,오로라키즈풀빌라,가평 오로라키즈풀빌라,100,1342,0,372,0,경기도 가평군 상면 임초밤안골로 306,숙박>펜션,naver_search_api,https://www.instagram.com/aurorakidspoolvilla,2026-05-22T05:48:35+00:00
가평,camping,자라섬캠핑장,가평 자라섬캠핑장,100,17556,0,5333,0,경기도 가평군 가평읍 자라섬로 60,"숙박>캠핑,야영장",naver_search_api,https://www.gpfmc.or.kr/,2026-05-22T05:48:35+00:00
가평,camping,산으로 간 니모,가평 산으로 간 니모,100,618,0,393,0,경기도 가평군 조종면 연인산로 670-321,"숙박>캠핑,야영장",naver_search_api,http://www.nemocamp.com/,2026-05-22T05:48:35+00:00
가평,camping,둥지캠핑장,가평 둥지캠핑장,100,583,0,825,0,경기도 가평군 설악면 묵안로 976-62 둥지캠핑장,숙박>펜션,naver_search_api,https://booking.naver.com/booking/3/bizes/486774,2026-05-22T05:48:35+00:00
가평,camping,삐삐키즈풀빌라&amp;카라반,가평 삐삐키즈풀빌라&amp;카라반,100,2115,0,1047,0,경기도 가평군 상면 임초밤안골로 115-45 삐삐키즈풀빌라 풀카라반,숙박>펜션,naver_search_api,http://삐삐키즈풀빌라.com/,2026-05-22T05:48:35+00:00
가평,desserts,델씨엘로 본점,가평 델씨엘로 본점,100,438,0,17,0,경기도 가평군 청평면 경춘로 1031 델씨엘로,음식점>피자,naver_search_api,https://www.tabling.co.kr/restaurant/4528,2026-05-22T05:48:35+00:00
가평,desserts,파리바게뜨 PB가평휴게소점,가평 파리바게뜨 PB가평휴게소점,100,330,0,2052,0,경기도 가평군 설악면 미사리로540번길 51 가평(춘천방향)휴게소 1층,"카페,디저트>베이커리",naver_search_api,https://www.paris.co.kr/,2026-05-22T05:48:35+00:00
가평,desserts,가평양떼목장,가평 가평양떼목장,100,21440,0,2603,0,경기도 가평군 설악면 유명로 1209,"여행,명소>관광농원,팜스테이",naver_search_api,https://www.instagram.com/gapyeong_sheep_official/,2026-05-22T05:48:35+00:00
가평,desserts,골든트리 가평,가평 골든트리 가평,100,5084,0,279,0,경기도 가평군 가평읍 북한강변로 326-124,"음식점>카페,디저트",naver_search_api,http://instagram.com/goldentree__official,2026-05-22T05:48:35+00:00
가평,desserts,더강,가평 더강,100,2206,0,153,0,경기도 가평군 가평읍 굴바우길 86,"음식점>카페,디저트",naver_search_api,https://www.instagram.com/the_river86/,2026-05-22T05:48:35+00:00
가평,desserts,자잠157,가평 자잠157,100,3248,0,120,0,경기도 가평군 설악면 자잠로 157 자잠157,"음식점>카페,디저트",naver_search_api,https://www.instagram.com/jajam157,2026-05-22T05:48:35+00:00
가평,desserts,리버레인,가평 리버레인,100,5520,0,10379,0,경기도 가평군 청평면 북한강로 2141-3 리버레인카페,"음식점>카페,디저트",naver_search_api,https://www.instagram.com/cafe_riverlane.official?igsh=em1lbndwdjdxNGJn&utm_source=qr,2026-05-22T05:48:35+00:00
가평,desserts,던킨 가평휴게소하점,가평 던킨 가평휴게소하점,100,182,0,374,0,경기도 가평군 설악면 미사리로540번길 51,"카페,디저트>도넛",naver_search_api,,2026-05-22T05:48:35+00:00
가평,foods,델씨엘로 본점,가평 델씨엘로 본점,100,438,0,17,0,경기도 가평군 청평면 경춘로 1031 델씨엘로,음식점>피자,naver_search_api,https://www.tabling.co.kr/restaurant/4528,2026-05-22T05:48:35+00:00
가평,foods,고고다이노 키친,가평 고고다이노 키친,100,76,0,5,0,경기도 가평군 설악면 자잠로 229 3층 고고다이노 키친,음식점>패밀리레스토랑,naver_search_api,http://gogodinokids-hotel.kr/,2026-05-22T05:48:35+00:00
가평,foods,가평휴게소(춘천방향) 식당가,가평 가평휴게소(춘천방향) 식당가,100,9058,0,2833,0,경기도 가평군 설악면 미사리로540번길 51,음식점>한식,naver_search_api,,2026-05-22T05:48:35+00:00
가평,foods,남이금강막국수,가평 남이금강막국수,100,3867,0,35,0,경기도 가평군 가평읍 북한강변로 1078-8,한식>닭갈비,naver_search_api,https://blog.naver.com/2dootv,2026-05-22T05:48:35+00:00
가평,foods,파주닭국수 가평점,가평 파주닭국수 가평점,100,6779,0,2497,0,경기도 가평군 가평읍 가화로 383 파주닭국수 가평점,한식>국수,naver_search_api,https://blog.naver.com/dbrksp0919,2026-05-22T05:48:35+00:00
가평,foods,할매춘천닭갈비 가평본점,가평 할매춘천닭갈비 가평본점,100,10124,0,736,0,경기도 가평군 가평읍 북한강변로 1108,한식>닭갈비,naver_search_api,,2026-05-22T05:48:35+00:00
가평,foods,힐링닭갈비 가평본점,가평 힐링닭갈비 가평본점,100,59998,0,4873,0,경기도 가평군 가평읍 북한강변로 1083 힐링닭갈비 가평,한식>닭갈비,naver_search_api,http://healingdakgalbi.itrocks.kr/,2026-05-22T05:48:35+00:00
가평,foods,설악한우마을,가평 설악한우마을,100,4329,0,369,0,경기도 가평군 설악면 신천중앙로 101,"육류,고기요리>정육식당",naver_search_api,http://www.charmhanwoo.com/,2026-05-22T05:48:35+00:00
가평,foods,고우다 가평본점,가평 고우다 가평본점,100,556,0,10,0,경기도 가평군 청평면 호반로 399-80 1층,"한식>육류,고기요리",naver_search_api,https://www.instagram.com/gouda.4422,2026-05-22T05:48:35+00:00
가평,foods,청평호반닭갈비막국수 설악점,가평 청평호반닭갈비막국수 설악점,100,5070,0,432,0,경기도 가평군 설악면 유명로 1674 청평호반닭갈비막국수 설악점,한식>닭갈비,naver_search_api,https://www.tabling.co.kr/restaurant/10386,2026-05-22T05:48:35+00:00
가평,foods,청평장마당순대국밥,가평 청평장마당순대국밥,100,850,0,218,0,경기도 가평군 청평면 시장중앙로 10 형제수퍼,"한식>순대,순댓국",naver_search_api,,2026-05-22T05:48:35+00:00
가평,foods,"시장닭집,시장통닭","가평 시장닭집,시장통닭",100,36,0,2492,0,경기도 가평군 청평면 시장중앙로 7 시장닭집,"음식점>치킨,닭강정",naver_search_api,http://m.facebook.com/,2026-05-22T05:48:35+00:00
가평,foods,가평잣고을시장닭갈비,가평 가평잣고을시장닭갈비,100,5910,0,635,0,경기도 가평군 가평읍 장터길 1 가평잣고을시장닭갈비,한식>닭갈비,naver_search_api,,2026-05-22T05:48:35+00:00
가평,foods,소담집밥,가평 소담집밥,100,63,0,3,0,경기도 가평군 청평면 시장중앙로 5 1층,음식점>한식,naver_search_api,,2026-05-22T05:48:35+00:00
가평,foods,김밥나라 청평시장점,가평 김밥나라 청평시장점,57,4,0,1,0,경기도 가평군 청평면 청평리 808-5,음식점>분식,naver_search_api,,2026-05-22T05:48:35+00:00
가평,places,아침고요수목원,가평 아침고요수목원,100,147074,0,22249,0,경기도 가평군 상면 수목원로 432,"여행,명소>식물원,수목원",naver_search_api,https://www.instagram.com/morningcalm_garden/,2026-05-22T05:48:35+00:00
가평,places,쁘띠프랑스,가평 쁘띠프랑스,100,68051,0,13235,0,경기도 가평군 청평면 호반로 1063,"여행,명소>테마파크",naver_search_api,http://www.pfcamp.com/,2026-05-22T05:48:35+00:00
가평,places,델씨엘로 본점,가평 델씨엘로 본점,100,438,0,17,0,경기도 가평군 청평면 경춘로 1031 델씨엘로,음식점>피자,naver_search_api,https://www.tabling.co.kr/restaurant/4528,2026-05-22T05:48:35+00:00
가평,places,고고다이노 키친,가평 고고다이노 키친,100,76,0,5,0,경기도 가평군 설악면 자잠로 229 3층 고고다이노 키친,음식점>패밀리레스토랑,naver_search_api,http://gogodinokids-hotel.kr/,2026-05-22T05:48:35+00:00
가평,places,파리바게뜨 PB가평휴게소점,가평 파리바게뜨 PB가평휴게소점,100,330,0,2052,0,경기도 가평군 설악면 미사리로540번길 51 가평(춘천방향)휴게소 1층,"카페,디저트>베이커리",naver_search_api,https://www.paris.co.kr/,2026-05-22T05:48:35+00:00
가평,places,명품계곡길,가평 명품계곡길,100,2300,0,617,0,경기도 가평군 가평읍 승안리 산114,"여행,명소>산책로",naver_search_api,,2026-05-22T05:48:35+00:00
가평,places,경기둘레길가평21코스,가평 경기둘레길가평21코스,100,12379,0,4458,0,경기도 가평군 가평읍 상색리 산37-1,"여행,명소>도보코스",naver_search_api,,2026-05-22T05:48:35+00:00
가평,places,경기둘레길가평23코스,가평 경기둘레길가평23코스,100,11467,0,4049,0,경기도 가평군 청평면 북한강로 1849-24,"여행,명소>도보코스",naver_search_api,,2026-05-22T05:48:35+00:00
가평,places,경기둘레길가평22코스,가평 경기둘레길가평22코스,100,11241,0,4130,0,경기도 가평군 청평면 하천리 산91-1,"여행,명소>도보코스",naver_search_api,,2026-05-22T05:48:35+00:00
가평,places,경기둘레길가평20코스,가평 경기둘레길가평20코스,100,29156,0,6985,0,경기도 가평군 가평읍 승안리 1-4 1-3,"여행,명소>도보코스",naver_search_api,,2026-05-22T05:48:35+00:00
강릉,affordable_stays,정동진 호텔 탑스빌,강릉 정동진 호텔 탑스빌,100,156,0,111,0,강원특별자치도 강릉시 강동면 헌화로 1007-42,숙박>펜션,naver_search_api,http://www.정동진호텔.com/,2026-05-22T05:48:35+00:00
강릉,affordable_stays,호텔보름,강릉 호텔보름,100,1742,0,533,0,강원특별자치도 강릉시 사천면 진리해변길 34,숙박>모텔,naver_search_api,https://yanolja.com/places/10058524,2026-05-22T05:48:35+00:00
강릉,affordable_stays,멍엔서프,강릉 멍엔서프,100,626,0,53,0,강원특별자치도 강릉시 창해로 237 1층,"스포츠,오락>서핑,윈드서핑",naver_search_api,http://mungsurf.co.kr/,2026-05-22T05:48:35+00:00
강릉,affordable_stays,스테이123,강릉 스테이123,100,531,0,305,0,강원특별자치도 강릉시 구정면 구정중앙로 155-8 1층,"숙박>캠핑,야영장",naver_search_api,https://www.instagram.com/__stay123__,2026-05-22T05:48:35+00:00
강릉,affordable_stays,더뷰티호텔,강릉 더뷰티호텔,100,225,0,116,0,강원특별자치도 강릉시 옥천로62번길 19,숙박>호텔,naver_search_api,https://강릉맛집.여기유.com/FrumDe,2026-05-22T05:48:35+00:00
강릉,affordable_stays,와이앤지비즈니스호텔펜션,강릉 와이앤지비즈니스호텔펜션,100,73,0,4,0,강원특별자치도 강릉시 경포로475번길 41,숙박>펜션,naver_search_api,,2026-05-22T05:48:35+00:00
강릉,affordable_stays,브라운도트 강릉역점,강릉 브라운도트 강릉역점,100,263,0,35,0,강원특별자치도 강릉시 동부시장길 14,숙박>호텔,naver_search_api,http://browndot_gangneung.jalib.site/,2026-05-22T05:48:35+00:00
강릉,affordable_stays,호텔이코노미,강릉 호텔이코노미,100,906,0,241,0,강원특별자치도 강릉시 해안로 539,숙박>호텔,naver_search_api,,2026-05-22T05:48:35+00:00
강릉,affordable_stays,더호텔비즈니스,강릉 더호텔비즈니스,100,147,0,3592,0,강원특별자치도 강릉시 해안로 549 3~5층,숙박>호텔,naver_search_api,,2026-05-22T05:48:35+00:00
강릉,affordable_stays,호텔 더 샵,강릉 호텔 더 샵,100,3436,0,239387,0,강원특별자치도 강릉시 동부시장길 35,숙박>모텔,naver_search_api,,2026-05-22T05:48:35+00:00
강릉,affordable_stays,강릉 솔게스트하우스 경포본점,강릉 강릉 솔게스트하우스 경포본점,100,2189,0,187,0,강원특별자치도 강릉시 경포로463번길 36 3층,숙박>게스트하우스,naver_search_api,http://solguest.com/,2026-05-22T05:48:35+00:00
강릉,affordable_stays,강릉게스트하우스 중앙점,강릉 강릉게스트하우스 중앙점,100,4207,0,358,0,강원특별자치도 강릉시 경강로2103번길 17 강릉게스트하우스 중앙점,숙박>게스트하우스,naver_search_api,https://www.youtube.com/@guesthouselife,2026-05-22T05:48:35+00:00
강릉,affordable_stays,후아유 게스트하우스 강릉경포점,강릉 후아유 게스트하우스 강릉경포점,100,2561,0,193,0,강원특별자치도 강릉시 경포로475번길 37 후아유강릉게스트하우스,숙박>게스트하우스,naver_search_api,https://blog.naver.com/gngh37,2026-05-22T05:48:35+00:00
강릉,affordable_stays,강문애 게스트하우스,강릉 강문애 게스트하우스,100,547,0,17,0,강원특별자치도 강릉시 창해로 245 강문애게스트하우스,숙박>게스트하우스,naver_search_api,https://blog.naver.com/gangmunlove,2026-05-22T05:48:35+00:00
강릉,affordable_stays,하파서프,강릉 하파서프,100,640,0,98,0,강원특별자치도 강릉시 사천면 해안로 1060 1층,"스포츠,오락>서핑,윈드서핑",naver_search_api,http://www.hafasurf.co.kr/,2026-05-22T05:48:35+00:00
강릉,camping,연곡해변솔향기캠핑장,강릉 연곡해변솔향기캠핑장,100,7821,0,3198,0,강원특별자치도 강릉시 연곡면 해안로 1282,숙박>펜션,naver_search_api,https://camping.gtdc.or.kr/,2026-05-22T05:48:35+00:00
강릉,camping,경포대카라반 세인트린느프렌즈,강릉 경포대카라반 세인트린느프렌즈,100,318,0,26,0,강원특별자치도 강릉시 해안로 388 1층,"숙박>캠핑,야영장",naver_search_api,https://www.instagram.com/saintlignefriends,2026-05-22T05:48:35+00:00
강릉,camping,강릉 경포 카라반파크,강릉 강릉 경포 카라반파크,100,396,0,40,0,강원특별자치도 강릉시 사천면 방동리 113-2 강릉경포카라반파크,"숙박>캠핑,야영장",naver_search_api,http://www.seacaravan.co.kr,2026-05-22T05:48:35+00:00
강릉,camping,유메모리 캠핑,강릉 유메모리 캠핑,100,480,0,70,0,강원특별자치도 강릉시 성산면 보현길 125 유메모리 캠핑,"숙박>캠핑,야영장",naver_search_api,https://www.camfit.co.kr/camp/6692224e090dd2001e502c7c,2026-05-22T05:48:35+00:00
강릉,camping,대관령솔내음오토캠핑장,강릉 대관령솔내음오토캠핑장,100,3102,0,1424,0,강원특별자치도 강릉시 성산면 삼포암길 48 대관령솔내음,"숙박>캠핑,야영장",naver_search_api,http://dscamp.co.kr/,2026-05-22T05:48:35+00:00
강릉,camping,솔향강릉카라반캠핑장,강릉 솔향강릉카라반캠핑장,100,7422,0,81,0,강원특별자치도 강릉시 경강로 2580 강릉경찰수련원내 솔향강릉오토캠핑장,"숙박>캠핑,야영장",naver_search_api,http://solcaravancamping.com/,2026-05-22T05:48:35+00:00
강릉,camping,주문진 글램핑 오토캠핑장,강릉 주문진 글램핑 오토캠핑장,100,3371,0,99,0,강원특별자치도 강릉시 주문진읍 신리천로 951-9,"숙박>캠핑,야영장",naver_search_api,https://www.instagram.com/jumunjin_glamping/,2026-05-22T05:48:35+00:00
강릉,camping,소금강자동차야영장,강릉 소금강자동차야영장,100,699,0,244,0,강원특별자치도 강릉시 연곡면,"숙박>캠핑,야영장",naver_search_api,http://www.knps.or.kr/,2026-05-22T05:48:35+00:00
강릉,camping,곱창전골명가 도계물닭갈비,강릉 곱창전골명가 도계물닭갈비,100,258,0,88,0,강원특별자치도 강릉시 성산면 구산길 92,"한식>찌개,전골",naver_search_api,https://youtu.be/SVYqe2urRaA?si=tSS78oY4vm5mzJDC,2026-05-22T05:48:35+00:00
강릉,camping,베이스캠프,강릉 베이스캠프,100,2923,0,1038,0,강원특별자치도 강릉시 사천면 해안로 940-14,"숙박>캠핑,야영장",naver_search_api,http://www.buscaravan.co.kr,2026-05-22T05:48:35+00:00
강릉,camping,강릉여행 굿캠핑,강릉 강릉여행 굿캠핑,100,195,0,32,0,강원특별자치도 강릉시 사천면 해안로 904-8,"숙박>캠핑,야영장",naver_search_api,https://goodcampingps.kr/,2026-05-22T05:48:35+00:00
강릉,desserts,카페 이진리,강릉 카페 이진리,100,4054,0,112,0,강원특별자치도 강릉시 임영로 234 이진리,"음식점>카페,디저트",naver_search_api,https://bio.site/easily,2026-05-22T05:48:35+00:00
강릉,desserts,테라로사 커피공장 강릉본점,강릉 테라로사 커피공장 강릉본점,100,28879,0,3268,0,강원특별자치도 강릉시 구정면 현천길 7,"카페,디저트>카페",naver_search_api,https://terarosa.com,2026-05-22T05:48:35+00:00
강릉,desserts,강릉카페 체크이스트,강릉 강릉카페 체크이스트,100,116662,0,48101,0,강원특별자치도 강릉시 강변북길 153 체크이스트,"음식점>카페,디저트",naver_search_api,https://smartstore.naver.com/checkeast,2026-05-22T05:48:35+00:00
강릉,desserts,곳,강릉 곳,100,2182477,0,776588,0,강원특별자치도 강릉시 사천면 진리해변길 143,"카페,디저트>베이커리",naver_search_api,,2026-05-22T05:48:35+00:00
강릉,desserts,카페 툇마루,강릉 카페 툇마루,100,54470,0,2069,0,강원특별자치도 강릉시 난설헌로 232 카페 툇마루,"음식점>카페,디저트",naver_search_api,https://www.instagram.com/toenmaru_official,2026-05-22T05:48:35+00:00
강릉,desserts,346커피스토리,강릉 346커피스토리,100,7296,0,194,0,강원특별자치도 강릉시 창해로 348 나동1-3층 346커피스토리,"음식점>카페,디저트",naver_search_api,,2026-05-22T05:48:35+00:00
강릉,desserts,갤러리밥스,강릉 갤러리밥스,100,23314,0,764,0,강원특별자치도 강릉시 난설헌로 144 82-7 갤러리밥스,"음식점>카페,디저트",naver_search_api,https://www.google.com/url?sa=t&source=web&rct=j&url=https://www.instagram.com/g_gallerybobs/&ved=2ahUKEwjh48Gvys_tAhWVBogKHYLCCMIQFjAAegQIARAB&usg=AOvVaw0Ok_-tOZ_Na259FyWaAcyX&cshid=1608021375949,2026-05-22T05:48:35+00:00
강릉,foods,강릉짬뽕순두부 동화가든 본점,강릉 강릉짬뽕순두부 동화가든 본점,100,67507,0,3915,0,강원특별자치도 강릉시 초당순두부길77번길 15 동화가든,한식>두부요리,naver_search_api,https://www.donghwagarden.com,2026-05-22T05:48:35+00:00
강릉,foods,카페 이진리,강릉 카페 이진리,100,4054,0,112,0,강원특별자치도 강릉시 임영로 234 이진리,"음식점>카페,디저트",naver_search_api,https://bio.site/easily,2026-05-22T05:48:35+00:00
강릉,foods,테라로사 커피공장 강릉본점,강릉 테라로사 커피공장 강릉본점,100,28879,0,3268,0,강원특별자치도 강릉시 구정면 현천길 7,"카페,디저트>카페",naver_search_api,https://terarosa.com,2026-05-22T05:48:35+00:00
강릉,foods,배니닭강정,강릉 배니닭강정,100,28439,0,708,0,강원특별자치도 강릉시 금성로13번길 3-1 (성남동),"음식점>치킨,닭강정",naver_search_api,http://smartstore.naver.com/gsbaenni,2026-05-22T05:48:35+00:00
강릉,foods,강릉 수제 어묵고로케,강릉 강릉 수제 어묵고로케,100,42230,0,5249,0,강원특별자치도 강릉시 금성로13번길 8 1층,분식>종합분식,naver_search_api,http://eomukcroquette.com/,2026-05-22T05:48:35+00:00
강릉,foods,엄지네포장마차 본점,강릉 엄지네포장마차 본점,100,12015,0,627,0,강원특별자치도 강릉시 경강로2255번길 21,"한식>해물,생선요리",naver_search_api,https://www.instagram.com/umjinae_gangneung?igsh=cWcxNzNxMGQxYnZ3,2026-05-22T05:48:35+00:00
강릉,foods,경포동해횟집,강릉 경포동해횟집,100,10157,0,797,0,강원특별자치도 강릉시 창해로 491 경포동해횟집,한식>생선회,naver_search_api,http://www.instagram.com/gyeongpo_dh,2026-05-22T05:48:35+00:00
강릉,foods,강릉신대게나라,강릉 강릉신대게나라,100,5148,0,311,0,강원특별자치도 강릉시 주문진읍 신리천로 19,"해물,생선요리>대게요리",naver_search_api,,2026-05-22T05:48:35+00:00
강릉,foods,고선생 화덕생선구이 강릉본점,강릉 고선생 화덕생선구이 강릉본점,100,4041,0,261,0,강원특별자치도 강릉시 해안로 286 2층 고선생 화덕생선구이,음식점>한식,naver_search_api,,2026-05-22T05:48:35+00:00
강릉,foods,강릉샌드 본점,강릉 강릉샌드 본점,100,7465,0,265,0,"강원특별자치도 강릉시 금성로23번길 17 1층, 2층","카페,디저트>베이커리",naver_search_api,https://www.instagram.com/gnsand_official,2026-05-22T05:48:35+00:00
강릉,foods,젤라또마켓 순두부젤라또,강릉 젤라또마켓 순두부젤라또,100,95518,0,4100,0,강원특별자치도 강릉시 중앙시장2길 45-1 출입구 2번으로 들어와서 상점4호에 위치한 젤라또마켓,"카페,디저트>아이스크림",naver_search_api,https://link.inpock.co.kr/gelatomarket24,2026-05-22T05:48:35+00:00
강릉,foods,강릉짬뽕오징어순대 중앙시장본점,강릉 강릉짬뽕오징어순대 중앙시장본점,100,83356,0,5016,0,강원특별자치도 강릉시 금성로13번길 19-1 1층,한식>향토음식,naver_search_api,https://www.instagram.com/gn_osoone,2026-05-22T05:48:35+00:00
강릉,foods,강릉이래요,강릉 강릉이래요,100,4700268,0,2454223,0,강원특별자치도 강릉시 금성로 21 147호,"음식점>카페,디저트",naver_search_api,,2026-05-22T05:48:35+00:00
강릉,places,카페 이진리,강릉 카페 이진리,100,4054,0,112,0,강원특별자치도 강릉시 임영로 234 이진리,"음식점>카페,디저트",naver_search_api,https://bio.site/easily,2026-05-22T05:48:35+00:00
강릉,places,테라로사 커피공장 강릉본점,강릉 테라로사 커피공장 강릉본점,100,28879,0,3268,0,강원특별자치도 강릉시 구정면 현천길 7,"카페,디저트>카페",naver_search_api,https://terarosa.com,2026-05-22T05:48:35+00:00
강릉,places,배니닭강정,강릉 배니닭강정,100,28439,0,708,0,강원특별자치도 강릉시 금성로13번길 3-1 (성남동),"음식점>치킨,닭강정",naver_search_api,http://smartstore.naver.com/gsbaenni,2026-05-22T05:48:35+00:00
강릉,places,강릉 수제 어묵고로케,강릉 강릉 수제 어묵고로케,100,42230,0,5249,0,강원특별자치도 강릉시 금성로13번길 8 1층,분식>종합분식,naver_search_api,http://eomukcroquette.com/,2026-05-22T05:48:35+00:00
강릉,places,아르떼뮤지엄 강릉,강릉 아르떼뮤지엄 강릉,100,50216,0,5830,0,강원특별자치도 강릉시 난설헌로 131,"문화,예술>미술관",naver_search_api,https://kr.artemuseum.com,2026-05-22T05:48:35+00:00
강릉,places,해파랑길39코스,강릉 해파랑길39코스,100,1554,0,223,0,강원특별자치도 강릉시 운정동 7-7,"거리,골목>도보코스",naver_search_api,,2026-05-22T05:48:35+00:00
강릉,places,해파랑길35코스,강릉 해파랑길35코스,100,1240,0,190,0,강원특별자치도 강릉시 강동면 심곡리 163-1,"거리,골목>도보코스",naver_search_api,,2026-05-22T05:48:35+00:00
강릉,places,해파랑길40코스,강릉 해파랑길40코스,100,2048,0,254,0,강원특별자치도 강릉시 연곡면 영진리 357-155,"거리,골목>도보코스",naver_search_api,,2026-05-22T05:48:35+00:00
강릉,places,해파랑길36코스,강릉 해파랑길36코스,100,1100,0,183,0,강원특별자치도 강릉시 강동면 모전리 산26-1,"거리,골목>도보코스",naver_search_api,,2026-05-22T05:48:35+00:00
강릉,places,해파랑길37코스,강릉 해파랑길37코스,100,907,0,108,0,강원특별자치도 강릉시 강동면 언별리 산413,"거리,골목>도보코스",naver_search_api,,2026-05-22T05:48:35+00:00
부산,affordable_stays,아스티호텔 부산,부산 아스티호텔 부산,100,5514,0,49279,0,부산광역시 동구 중앙대로214번길 7-8,숙박>호텔,naver_search_api,http://astihotel.co.kr,2026-05-22T05:48:35+00:00
부산,affordable_stays,라마다앙코르 부산역호텔,부산 라마다앙코르 부산역호텔,100,18831,0,42237,0,부산광역시 동구 중앙대로196번길 10 라마다 앙코르 부산역 호텔,숙박>호텔,naver_search_api,http://www.ramadaencorebusanstation.com,2026-05-22T05:48:35+00:00
부산,affordable_stays,호텔일루아,부산 호텔일루아,100,3094,0,1285,0,부산광역시 해운대구 달맞이길 97 호텔 일루아,숙박>호텔,naver_search_api,http://www.hotelillua.com/,2026-05-22T05:48:35+00:00
부산,affordable_stays,뉴시즈 오시리아 레지던스,부산 뉴시즈 오시리아 레지던스,100,827,0,126,0,부산광역시 기장군 기장읍 동부산관광7로 17 뉴시즈 오시리아 레지던스,숙박>기타숙박업,naver_search_api,http://www.newcz-osiria.com,2026-05-22T05:48:35+00:00
부산,affordable_stays,해운대블루스토리호텔,부산 해운대블루스토리호텔,100,1029,0,273,0,부산광역시 해운대구 해운대해변로237번길 11 해운대블루스토리호텔,숙박>호텔,naver_search_api,http://www.bluestoryhotel.com/,2026-05-22T05:48:35+00:00
부산,affordable_stays,신라스테이 서부산,부산 신라스테이 서부산,100,3715,0,1456,0,부산광역시 강서구 명지국제7로 38,숙박>호텔,naver_search_api,https://www.shillastay.com/seobusan/index.do,2026-05-22T05:48:35+00:00
부산,affordable_stays,토요코인 부산중앙역,부산 토요코인 부산중앙역,100,54464,0,138732,0,부산광역시 중구 중앙대로 125,숙박>호텔,naver_search_api,https://www.toyoko-inn.co.kr/,2026-05-22T05:48:35+00:00
부산,affordable_stays,첵앤아웃게스트하우스,부산 첵앤아웃게스트하우스,100,891,0,38,0,부산광역시 중구 초량중로 8-1,숙박>게스트하우스,naver_search_api,https://www.instagram.com/busan_check_n_out,2026-05-22T05:48:35+00:00
부산,affordable_stays,오렌지게스트하우스,부산 오렌지게스트하우스,100,3343,0,486,0,부산광역시 동구 중앙대로196번길 12-7,숙박>게스트하우스,naver_search_api,https://busanorange.com/shop/list.php?ca_id=10,2026-05-22T05:48:35+00:00
부산,affordable_stays,솔게스트하우스 부산파티점,부산 솔게스트하우스 부산파티점,100,3379,0,460,0,부산광역시 수영구 광안로62번길 1 3층~4층,숙박>게스트하우스,naver_search_api,http://www.solguest.com/,2026-05-22T05:48:35+00:00
부산,affordable_stays,더뷰게스트하우스,부산 더뷰게스트하우스,100,307553,0,406350,0,부산광역시 수영구 남천바다로33번길 47 마린빌딩,숙박>게스트하우스,naver_search_api,https://www.instagram.com/the_view_guest_house/,2026-05-22T05:48:35+00:00
부산,affordable_stays,언플랜드88,부산 언플랜드88,100,378,0,26,0,"부산광역시 수영구 남천바다로33번길 47 마린빌딩 7,8층 언플랜드88",숙박>게스트하우스,naver_search_api,https://www.instagram.com/unplanned88_busan,2026-05-22T05:48:35+00:00
부산,camping,제이스글램핑,부산 제이스글램핑,100,1227,0,57,0,부산광역시 기장군 일광읍 이천8길 132-20,"숙박>캠핑,야영장",naver_search_api,https://linktr.ee/group_jace,2026-05-22T05:48:35+00:00
부산,camping,대저캠핑장,부산 대저캠핑장,100,4082,0,2416,0,부산광역시 강서구 대저1동 1-1 공항로 1318,"숙박>캠핑,야영장",naver_search_api,https://www.daejeocamping.com/,2026-05-22T05:48:35+00:00
부산,camping,초원숲속글램핑,부산 초원숲속글램핑,100,651,0,86,0,부산광역시 기장군 정관읍 병산1길 18,"숙박>캠핑,야영장",naver_search_api,http://www.초원숲속글램핑.com,2026-05-22T05:48:35+00:00
부산,camping,영도마리노 오토캠핑장,부산 영도마리노 오토캠핑장,100,2911,0,472,0,부산광역시 영도구 해양로 13-16,"숙박>캠핑,야영장",naver_search_api,https://www.yeongdo.go.kr/marinocamping,2026-05-22T05:48:35+00:00
부산,camping,더무빙 카라반,부산 더무빙 카라반,100,1048,0,62,0,부산광역시 기장군 장안읍 해맞이로 290 더무빙카라반,"숙박>캠핑,야영장",naver_search_api,http://www.themoving.kr/,2026-05-22T05:48:35+00:00
부산,camping,삼락생태공원 삼락오토캠핑장,부산 삼락생태공원 삼락오토캠핑장,100,34676,0,6197,0,부산광역시 사상구 삼락동 29-59 삼락오토캠핑장,"숙박>캠핑,야영장",naver_search_api,https://www.nakdongcamping.com/,2026-05-22T05:48:35+00:00
부산,camping,화명오토캠핑장,부산 화명오토캠핑장,100,2254,0,696,0,부산광역시 북구 낙동강자전거길 1425,"숙박>캠핑,야영장",naver_search_api,https://www.hwamyungcamping.com,2026-05-22T05:48:35+00:00
부산,camping,대저캠핑장오토D,부산 대저캠핑장오토D,100,3364,0,4053,0,부산광역시 강서구 대저1동,캠핑장>사이트,naver_search_api,,2026-05-22T05:48:35+00:00
부산,camping,영도 마리노 오토캠핑장,부산 영도 마리노 오토캠핑장,100,2911,0,472,0,부산광역시 영도구 해양로 13-16 (청학동) 영도 마리노 오토캠핑장,장소대여>공유누리 개방자원,naver_search_api,,2026-05-22T05:48:35+00:00
부산,camping,암남공원공영주차장,부산 암남공원공영주차장,100,4674,0,351,0,부산광역시 서구 암남동 620-19,"교통,운수>공영주차장",naver_search_api,,2026-05-22T05:48:35+00:00
부산,camping,카라반펜션,부산 카라반펜션,100,6583,0,1652,0,부산광역시 해운대구 송정중앙로6번길 180 올라 카라반 펜션,숙박>펜션,naver_search_api,http://www.caravanps.com/,2026-05-22T05:48:35+00:00
부산,camping,지오클럽 카라반,부산 지오클럽 카라반,100,317,0,455,0,부산광역시 기장군 일광읍 기장해안로 1272,"숙박>캠핑,야영장",naver_search_api,https://www.instagram.com/g.o_club/,2026-05-22T05:48:35+00:00
부산,camping,가덕카라글램핑,부산 가덕카라글램핑,100,101,0,5,0,부산광역시 강서구 가덕해안로821번길 90-84 T맵 or 카카오맵 이용 부탁드립니다. 가덕카라글램핑,"숙박>캠핑,야영장",naver_search_api,http://카라글램핑.kr,2026-05-22T05:48:35+00:00
부산,desserts,이케아 동부산점,부산 이케아 동부산점,100,13995,0,845,0,부산광역시 기장군 기장읍 동부산관광3로 17,"쇼핑,유통>가구",naver_search_api,https://www.instagram.com/ikeakr/,2026-05-22T05:48:35+00:00
부산,desserts,라라쥬 동물원,부산 라라쥬 동물원,100,1663,0,43,0,부산광역시 강서구 명지국제8로10번길 38 1동 4층 6호 404호~411호,"여행,명소>동물원",naver_search_api,https://www.instagram.com/rara.zoo,2026-05-22T05:48:35+00:00
부산,desserts,이스케이프탑 부산점,부산 이스케이프탑 부산점,100,293,0,82,0,부산광역시 부산진구 중앙대로691번길 54 2층 이스케이프탑,"스포츠,오락>오락시설>방탈출카페",naver_search_api,http://busantop.net/,2026-05-22T05:48:35+00:00
부산,desserts,르에보 서면점,부산 르에보 서면점,100,240,0,3,0,"부산광역시 부산진구 전포대로 196 1층, 전포동 부산은행 사거리 옆 전포역 8번출구 앞",미용>미용실,naver_search_api,https://blog.naver.com/bbsu8905,2026-05-22T05:48:35+00:00
부산,desserts,수월경화,부산 수월경화,100,8909,0,366,0,부산광역시 해운대구 송정중앙로6번길 188 4층 수월경화,"음식점>카페,디저트",naver_search_api,https://www.instagram.com/swgh_official,2026-05-22T05:48:35+00:00
부산,desserts,칠암사계,부산 칠암사계,100,13829,0,1105,0,부산광역시 기장군 일광읍 칠암1길 7-10,"음식점>카페,디저트",naver_search_api,https://blog.naver.com/bakery1995/224222312545,2026-05-22T05:48:35+00:00
부산,desserts,피아크 카페&amp;베이커리,부산 피아크 카페&amp;베이커리,100,5972,0,241,0,"부산광역시 영도구 해양로195번길 180 1층,4층(동삼동)","음식점>카페,디저트",naver_search_api,https://www.instagram.com/p.ark_official/,2026-05-22T05:48:35+00:00
부산,desserts,보몽드 기장,부산 보몽드 기장,100,7451,0,76,0,부산광역시 기장군 장안읍 구기길 19-7 보몽드,"음식점>카페,디저트",naver_search_api,https://www.instagram.com/beaumonde_cafe/,2026-05-22T05:48:35+00:00
부산,desserts,후스후무무 베이커리,부산 후스후무무 베이커리,100,1764,0,55,0,부산광역시 해운대구 달맞이길62번길 3 B1층,"카페,디저트>베이커리",naver_search_api,https://www.instagram.com/whoswhomumu/,2026-05-22T05:48:35+00:00
부산,desserts,옵스 해운대점,부산 옵스 해운대점,100,4155,0,175,0,부산광역시 해운대구 중동1로 31,"카페,디저트>베이커리",naver_search_api,http://ops.co.kr,2026-05-22T05:48:35+00:00
부산,desserts,웨이브온 커피,부산 웨이브온 커피,100,7989,0,463,0,부산광역시 기장군 장안읍 해맞이로 286,"음식점>카페,디저트",naver_search_api,http://www.waveoncoffee.com/,2026-05-22T05:48:35+00:00
부산,desserts,우리마트 화명점,부산 우리마트 화명점,100,48,0,4,0,부산광역시 북구 화명신도시로 24,"쇼핑,유통>슈퍼,마트",naver_search_api,http://www.woori-mart.co.kr/,2026-05-22T05:48:35+00:00
부산,foods,도우개러지 피자 전포점,부산 도우개러지 피자 전포점,100,6051,0,84,0,부산광역시 부산진구 서전로46번길 8 1층 도우개러지,음식점>피자,naver_search_api,https://app.catchtable.co.kr/ct/shop/DOUGHGARAGEJeonpo,2026-05-22T05:48:35+00:00
부산,foods,조개대표 광안본점,부산 조개대표 광안본점,100,24071,0,1241,0,부산광역시 수영구 광남로94번길 16 204호,한식>조개요리,naver_search_api,https://www.instagram.com/clam_food_in_busan/,2026-05-22T05:48:35+00:00
부산,foods,솔내음한정식 해운대본점,부산 솔내음한정식 해운대본점,100,237,0,688,0,부산광역시 해운대구 달맞이길117번길 17-11 이조빌딩 3층 솔내음한정식,한식>한정식,naver_search_api,https://blog.naver.com/ak49999,2026-05-22T05:48:35+00:00
부산,foods,어느멋진날,부산 어느멋진날,100,29492,0,1828,0,부산광역시 기장군 일광읍 기장해안로 1286 (일광해수욕장 해변 바로 앞),"한식>백반,가정식",naver_search_api,https://app.catchtable.co.kr/ct/shop/onefineday,2026-05-22T05:48:35+00:00
부산,foods,광안리 산해횟집,부산 광안리 산해횟집,100,14423,0,118,0,부산광역시 수영구 광안해변로344번길 17-20 풍경타워 8층 광안리 산해횟집,한식>생선회,naver_search_api,https://blog.naver.com/yjh7717a,2026-05-22T05:48:35+00:00
부산,foods,이재모피자 본점,부산 이재모피자 본점,100,28635,0,1567,0,부산광역시 중구 광복중앙로 31,음식점>피자,naver_search_api,,2026-05-22T05:48:35+00:00
부산,foods,합천일류돼지국밥,부산 합천일류돼지국밥,100,10080,0,4066,0,부산광역시 사상구 광장로 34 윌로펌프,한식>국밥,naver_search_api,,2026-05-22T05:48:35+00:00
부산,foods,낙불집 송정본점,부산 낙불집 송정본점,100,2684,0,12,0,부산광역시 해운대구 송정광어골로 67 2층 낙불집,음식점>한식,naver_search_api,https://app.catchtable.co.kr/ct/shop/nakbuljip?from=share&type=WAITING,2026-05-22T05:48:35+00:00
부산,foods,오스테리아 윤,부산 오스테리아 윤,100,255,0,22,0,부산광역시 수영구 민락본동로19번길 59 2층,음식점>양식,naver_search_api,https://app.catchtable.co.kr/ct/shop/OsteriaYun?from=share&type=DINING,2026-05-22T05:48:35+00:00
부산,foods,부전시장 한글회초밥,부산 부전시장 한글회초밥,100,4487,0,378,0,"부산광역시 부산진구 중앙대로783번길 23 57, 59, 61, 63, 65호","음식점>일식>초밥,롤",naver_search_api,,2026-05-22T05:48:35+00:00
부산,foods,부산순대돼지국밥 부평깡통시장점,부산 부산순대돼지국밥 부평깡통시장점,100,154017,0,7306,0,부산광역시 중구 흑교로 37 1층,한식>국밥,naver_search_api,https://blog.naver.com/soccer2329,2026-05-22T05:48:35+00:00
부산,foods,지성감족,부산 지성감족,100,412,0,39,0,부산광역시 부산진구 새싹로14번길 52 1층,"한식>족발,보쌈",naver_search_api,,2026-05-22T05:48:35+00:00
부산,foods,하반장짬뽕 오늘도난닭치킨,부산 하반장짬뽕 오늘도난닭치킨,100,3861,0,315,0,부산광역시 동구 초량로13번길 68 1층,중식>중식당,naver_search_api,https://catchtable.co.kr/Habanjang,2026-05-22T05:48:35+00:00
부산,places,씨라이프부산아쿠아리움,부산 씨라이프부산아쿠아리움,100,8107,0,798,0,부산광역시 해운대구 해운대해변로 266,"관람,체험>아쿠아리움",naver_search_api,https://blog.naver.com/sealife_busan,2026-05-22T05:48:35+00:00
부산,places,광안리해수욕장,부산 광안리해수욕장,100,302931,0,27888,0,부산광역시 수영구 광안해변로 219,"여행,명소>해수욕장,해변",naver_search_api,http://www.suyeong.go.kr/gwangalli/main.asp,2026-05-22T05:48:35+00:00
부산,places,롯데백화점 부산본점,부산 롯데백화점 부산본점,100,46315,0,10425,0,부산광역시 부산진구 가야대로 772,"쇼핑,유통>백화점",naver_search_api,https://www.lotteshopping.com/store/main?cstrCd=0005,2026-05-22T05:48:35+00:00
부산,places,라라쥬 동물원,부산 라라쥬 동물원,100,1663,0,43,0,부산광역시 강서구 명지국제8로10번길 38 1동 4층 6호 404호~411호,"여행,명소>동물원",naver_search_api,https://www.instagram.com/rara.zoo,2026-05-22T05:48:35+00:00
부산,places,이스케이프탑 부산점,부산 이스케이프탑 부산점,100,293,0,82,0,부산광역시 부산진구 중앙대로691번길 54 2층 이스케이프탑,"스포츠,오락>오락시설>방탈출카페",naver_search_api,http://busantop.net/,2026-05-22T05:48:35+00:00
부산,places,세븐락볼링장,부산 세븐락볼링장,100,142,0,1,0,부산광역시 사상구 사상로 196 한빛빌딩 2. 3층 세븐락볼링장,"스포츠,오락>볼링장",naver_search_api,,2026-05-22T05:48:35+00:00
부산,places,이기대해안산책로,부산 이기대해안산책로,100,14724,0,1865,0,부산광역시 남구 용호동 산25,지역명소>도보코스,naver_search_api,,2026-05-22T05:48:35+00:00
부산,places,송도구름산책로,부산 송도구름산책로,100,15735,0,1237,0,부산광역시 서구 암남동 129-4,"여행,명소>산책로",naver_search_api,,2026-05-22T05:48:35+00:00
부산,places,오시리아 해안산책로,부산 오시리아 해안산책로,100,5755,0,487,0,부산광역시 기장군 기장읍,"여행,명소>산책로",naver_search_api,,2026-05-22T05:48:35+00:00
부산,places,해파랑길1코스,부산 해파랑길1코스,100,13271,0,1664,0,부산광역시 수영구 남천동 148-13,"거리,골목>도보코스",naver_search_api,,2026-05-22T05:48:35+00:00
부산,places,해파랑길2코스,부산 해파랑길2코스,100,12439,0,1479,0,부산광역시 기장군 기장읍 시랑리 615-3,"거리,골목>도보코스",naver_search_api,,2026-05-22T05:48:35+00:00
속초,affordable_stays,호텔아마란스,속초 호텔아마란스,100,584,0,282,0,강원특별자치도 속초시 온천로 55 호텔 아마란스,숙박>호텔,naver_search_api,http://www.hotelamaranth.com/,2026-05-22T05:48:35+00:00
속초,affordable_stays,컨피네스 비치호텔,속초 컨피네스 비치호텔,100,607,0,272,0,강원특별자치도 속초시 해오름로 171 B동 1층 프론트,숙박>호텔,naver_search_api,https://blog.naver.com/chonpinesbeach_sokch,2026-05-22T05:48:35+00:00
속초,affordable_stays,"속초 포차거리 감성 숙소, 매일그대와","속초 속초 포차거리 감성 숙소, 매일그대와",100,1551,0,51,0,강원특별자치도 속초시 영랑해안2길 6,숙박>펜션,naver_search_api,https://www.instagram.com/sokcho_everyday_with_you,2026-05-22T05:48:35+00:00
속초,affordable_stays,산토리니펜션,속초 산토리니펜션,100,99,0,130,0,강원특별자치도 속초시 해오름로 77-6,숙박>펜션,naver_search_api,https://www.scsantorini.com/,2026-05-22T05:48:35+00:00
속초,affordable_stays,조양펜션,속초 조양펜션,100,281,0,72,0,강원특별자치도 속초시 동해대로3950번길 15,숙박>펜션,naver_search_api,,2026-05-22T05:48:35+00:00
속초,affordable_stays,속초 두 호텔,속초 속초 두 호텔,100,96442,0,15966,0,강원특별자치도 속초시 엑스포로 139,숙박>호텔,naver_search_api,https://doohotel.wywh.co.kr/,2026-05-22T05:48:35+00:00
속초,affordable_stays,속초 비즈니스호텔 카멜,속초 속초 비즈니스호텔 카멜,100,7465,0,304180,0,강원특별자치도 속초시 청초호반로 202 속초 비즈니스호텔 카멜,숙박>호텔,naver_search_api,https://m.booking.naver.com/booking/3/bizes/780372?tr=bnm,2026-05-22T05:48:35+00:00
속초,affordable_stays,브루클린호텔,속초 브루클린호텔,100,391,0,95,0,강원특별자치도 속초시 청초호반로 107,숙박>호텔,naver_search_api,,2026-05-22T05:48:35+00:00
속초,affordable_stays,준96호텔,속초 준96호텔,100,725,0,387,0,강원특별자치도 속초시 청초호반로 119,숙박>모텔,naver_search_api,,2026-05-22T05:48:35+00:00
속초,affordable_stays,켄싱턴호텔 설악 연회&amp;웨딩,속초 켄싱턴호텔 설악 연회&amp;웨딩,100,716,0,527,0,강원특별자치도 속초시 설악산로 998,"서비스,산업>장소대여",naver_search_api,https://www.kensington.co.kr/hsr/,2026-05-22T05:48:35+00:00
속초,affordable_stays,하루 게스트하우스,속초 하루 게스트하우스,100,7411,0,1016,0,강원특별자치도 속초시 장안로 19-1,숙박>게스트하우스,naver_search_api,http://haruguesthouse.com,2026-05-22T05:48:35+00:00
속초,affordable_stays,쉼게스트하우스,속초 쉼게스트하우스,100,1057,0,125,0,강원특별자치도 속초시 중앙로 66,숙박>게스트하우스,naver_search_api,https://www.instagram.com/scomma66,2026-05-22T05:48:35+00:00
속초,affordable_stays,소호259 클래식,속초 소호259 클래식,100,361,0,32,0,강원특별자치도 속초시 수복로259번길 11-3,숙박>게스트하우스,naver_search_api,https://www.instagram.com/workroad_official/,2026-05-22T05:48:35+00:00
속초,affordable_stays,스테이호스텔,속초 스테이호스텔,100,925,0,147,0,강원특별자치도 속초시 설악금강대교로 193,숙박>호텔,naver_search_api,http://www.instagram.com/stay_hostel,2026-05-22T05:48:35+00:00
속초,affordable_stays,엘림게스트하우스,속초 엘림게스트하우스,100,395,0,59,0,강원특별자치도 속초시 미리내길 17-1,숙박>게스트하우스,naver_search_api,,2026-05-22T05:48:35+00:00
속초,camping,속초해수욕장국민여가캠핑장,속초 속초해수욕장국민여가캠핑장,100,811,0,319,0,강원특별자치도 속초시 해오름로 177,"숙박>캠핑,야영장",naver_search_api,http://reserve.sokchosiseol.or.kr/index_h.jsp,2026-05-22T05:48:35+00:00
속초,camping,속초밤하늘글램핑,속초 속초밤하늘글램핑,100,798,0,100,0,강원특별자치도 속초시 장성천길 151,"숙박>캠핑,야영장",naver_search_api,https://nightskyglamping.kr/,2026-05-22T05:48:35+00:00
속초,camping,설악동야영장,속초 설악동야영장,100,2703,0,1055,0,강원특별자치도 속초시 청봉로 25 설악동야영장,"숙박>캠핑,야영장",naver_search_api,https://reservation.knps.or.kr,2026-05-22T05:48:35+00:00
속초,camping,술술캠핑장,속초 술술캠핑장,100,370,0,53,0,강원특별자치도 속초시 번영로129번길 25 1층 술술캠핑장,술집>요리주점,naver_search_api,https://www.instagram.com/sulsul_camp,2026-05-22T05:48:35+00:00
속초,camping,참새둥지야영장,속초 참새둥지야영장,100,27,0,12,0,강원특별자치도 속초시 설악산로 239-28,"숙박>캠핑,야영장",naver_search_api,,2026-05-22T05:48:35+00:00
속초,camping,설악동야영장주차장2,속초 설악동야영장주차장2,100,7901,0,1928,0,강원특별자치도 속초시 설악동 403,교통시설>주차장,naver_search_api,,2026-05-22T05:48:35+00:00
속초,camping,설악동야영장카라반,속초 설악동야영장카라반,100,511,0,178,0,강원특별자치도 속초시 설악동,캠핑장>사이트,naver_search_api,,2026-05-22T05:48:35+00:00
속초,camping,노마드카라반,속초 노마드카라반,100,27,0,41,0,강원특별자치도 속초시 동해대로 3847-7 노마드카라반,"숙박>캠핑,야영장",naver_search_api,https://www.bookinghub.co.kr/nomad,2026-05-22T05:48:35+00:00
속초,camping,속초 수푸로카라반입구,속초 속초 수푸로카라반입구,100,1788,0,2851,0,강원특별자치도 속초시,도로시설>방면정보,naver_search_api,,2026-05-22T05:48:35+00:00
속초,camping,속초 수푸로카라반,속초 속초 수푸로카라반,95,24,0,1,0,강원특별자치도 속초시 장성천길 61-25,"숙박>캠핑,야영장",naver_search_api,https://soopurocaravan.kr,2026-05-22T05:48:35+00:00
속초,desserts,시드누아 속초점,속초 시드누아 속초점,100,3994,0,39,0,강원특별자치도 속초시 바람꽃마을1길 38,"음식점>카페,디저트",naver_search_api,https://www.instagram.com/seednoir_coffee,2026-05-22T05:48:35+00:00
속초,desserts,카페 설악산로,속초 카페 설악산로,100,8347,0,347,0,강원특별자치도 속초시 설악산로 108 카페설악산로,"카페,디저트>베이커리",naver_search_api,http://www.instagram.com/cafe_seoraksanro,2026-05-22T05:48:35+00:00
속초,desserts,강원도막걸리술빵,속초 강원도막걸리술빵,100,12171,0,299,0,강원특별자치도 속초시 중앙시장로6길 14 54번 강원도막걸리술빵,"카페,디저트>베이커리",naver_search_api,https://smartstore.naver.com/makgeollibread/products/9069267570,2026-05-22T05:48:35+00:00
속초,desserts,보사노바 커피로스터스 속초점,속초 보사노바 커피로스터스 속초점,100,6145,0,148,0,강원특별자치도 속초시 해오름로 161,"음식점>카페,디저트",naver_search_api,https://smartstore.naver.com/bncr,2026-05-22T05:48:35+00:00
속초,desserts,웨일라잇,속초 웨일라잇,100,2831,0,72,0,강원특별자치도 속초시 청호해안길 2,"음식점>카페,디저트",naver_search_api,https://www.instagram.com/whalelight_sokcho,2026-05-22T05:48:35+00:00
속초,foods,만석닭강정 중앙시장점,속초 만석닭강정 중앙시장점,100,2761,0,73,0,강원특별자치도 속초시 중앙로147번길 16,"음식점>치킨,닭강정",naver_search_api,,2026-05-22T05:48:35+00:00
속초,foods,청초수물회 속초본점,속초 청초수물회 속초본점,100,14299,0,464,0,강원특별자치도 속초시 엑스포로 12-36 청초수물회 속초본점,"음식점>한식>해물,생선요리>생선회",naver_search_api,https://www.instagram.com/chungchosoo_official/,2026-05-22T05:48:35+00:00
속초,foods,속초항아리물회,속초 속초항아리물회,100,25979,0,6457,0,"강원특별자치도 속초시 해오름로188번길 11 1, 2, 3층",한식>생선회,naver_search_api,http://mulhoe.co.kr/,2026-05-22T05:48:35+00:00
속초,foods,봉포머구리집,속초 봉포머구리집,100,26671,0,2393,0,강원특별자치도 속초시 영랑해안길 223 봉포머구리집,한식>생선회,naver_search_api,https://meoguri.com/,2026-05-22T05:48:35+00:00
속초,foods,시드누아 속초점,속초 시드누아 속초점,100,3994,0,39,0,강원특별자치도 속초시 바람꽃마을1길 38,"음식점>카페,디저트",naver_search_api,https://www.instagram.com/seednoir_coffee,2026-05-22T05:48:35+00:00
속초,foods,황부자튀김,속초 황부자튀김,100,7127,0,58,0,"강원특별자치도 속초시 중앙로147번길 16 속초관광수산시장 26, 27호",분식>종합분식,naver_search_api,https://www.instagram.com/hwangbujafries,2026-05-22T05:48:35+00:00
속초,foods,88생선구이,속초 88생선구이,100,17627,0,2846,0,강원특별자치도 속초시 중앙부두길 71,한식>생선구이,naver_search_api,,2026-05-22T05:48:35+00:00
속초,foods,티각태각 속초점,속초 티각태각 속초점,100,5178,0,10,0,강원특별자치도 속초시 중앙시장로6길 30,음식점>한식,naver_search_api,https://tigaktegak.com,2026-05-22T05:48:35+00:00
속초,foods,현태네튀김 속초중앙시장본점,속초 현태네튀김 속초중앙시장본점,100,9562,0,440,0,강원특별자치도 속초시 중앙로147번길 16,분식>종합분식,naver_search_api,http://현태네튀김.com,2026-05-22T05:48:35+00:00
속초,foods,도리스 파티세리,속초 도리스 파티세리,100,2983,0,39,0,강원특별자치도 속초시 중앙로147번길 26 1층 도리스 파티세리,"카페,디저트>베이커리",naver_search_api,http://instagram.com/doris_patisserie,2026-05-22T05:48:35+00:00
속초,foods,이부자마약곳간,속초 이부자마약곳간,100,1820,0,23,0,강원특별자치도 속초시 중앙로147번길 16 속초관광수산시장 1층 137호 이부자마약곳간,"카페,디저트>베이커리",naver_search_api,https://www.instagram.com/leebuja,2026-05-22T05:48:35+00:00
속초,places,만석닭강정 중앙시장점,속초 만석닭강정 중앙시장점,100,2761,0,73,0,강원특별자치도 속초시 중앙로147번길 16,"음식점>치킨,닭강정",naver_search_api,,2026-05-22T05:48:35+00:00
속초,places,시드누아 속초점,속초 시드누아 속초점,100,3994,0,39,0,강원특별자치도 속초시 바람꽃마을1길 38,"음식점>카페,디저트",naver_search_api,https://www.instagram.com/seednoir_coffee,2026-05-22T05:48:35+00:00
속초,places,한화리조트 설악 워터피아,속초 한화리조트 설악 워터피아,100,33387,0,20677,0,강원특별자치도 속초시 미시령로2983번길 111,"레저,테마>워터파크",naver_search_api,https://www.hanwharesort.co.kr/irsweb/resort3/tpark/tp_intro.do?tp_cd=0100,2026-05-22T05:48:35+00:00
속초,places,중앙닭강정 본점,속초 중앙닭강정 본점,100,2921,0,112,0,강원특별자치도 속초시 중앙로147번길 16 중앙닭강정본점,"음식점>치킨,닭강정",naver_search_api,https://jungangdakgangjeong.wywh.co.kr/,2026-05-22T05:48:35+00:00
속초,places,속초관광수산시장,속초 속초관광수산시장,100,273434,0,44046,0,강원특별자치도 속초시 중앙로147번길 12,"쇼핑,유통>시장",naver_search_api,https://sokcho-central.co.kr/,2026-05-22T05:48:35+00:00
속초,places,외옹치바다향기로 (보수공사 통행금지),속초 외옹치바다향기로 (보수공사 통행금지),100,572,0,90,0,강원특별자치도 속초시 대포동 656-14,"여행,명소>산책로",naver_search_api,,2026-05-22T05:48:35+00:00
속초,places,설악동 설악향기로,속초 설악동 설악향기로,100,941,0,177,0,강원특별자치도 속초시 설악산로 803,"여행,명소>산책로",naver_search_api,,2026-05-22T05:48:35+00:00
속초,places,해파랑길45코스,속초 해파랑길45코스,100,1595,0,235,0,강원특별자치도 속초시 아바이마을길 15-6,"거리,골목>도보코스",naver_search_api,,2026-05-22T05:48:35+00:00
제주,affordable_stays,제주양떼목장,제주 제주양떼목장,100,2778,0,2706,0,제주특별자치도 제주시 애월읍 도치돌길 289-13,"여행,명소>관람,체험",naver_search_api,http://www.sheepinjeju.com/,2026-05-22T05:48:35+00:00
제주,affordable_stays,호텔브릿지 서귀포,제주 호텔브릿지 서귀포,100,6441,0,5323,0,제주특별자치도 서귀포시 태평로 436,숙박>호텔,naver_search_api,https://blog.naver.com/bridge_seogwipo,2026-05-22T05:48:35+00:00
제주,affordable_stays,더비비스제주,제주 더비비스제주,100,1001,0,167,0,제주특별자치도 서귀포시 이어도로 760 더비비스제주,숙박>펜션,naver_search_api,https://www.instagram.com/thebbsjeju/,2026-05-22T05:48:35+00:00
제주,affordable_stays,펜션연리,제주 펜션연리,100,133,0,12,0,제주특별자치도 서귀포시 논짓물로 50 1층,숙박>펜션,naver_search_api,http://yeonli.kr/,2026-05-22T05:48:35+00:00
제주,affordable_stays,에코그린리조트,제주 에코그린리조트,100,2678,0,714,0,제주특별자치도 제주시 한림읍 귀덕6길 94 에코그린리조트,"숙박>콘도,리조트",naver_search_api,https://ecogreenresort.com/,2026-05-22T05:48:35+00:00
제주,affordable_stays,호텔 휘슬락 제주,제주 호텔 휘슬락 제주,100,8861,0,1984,0,제주특별자치도 제주시 서부두2길 26,숙박>호텔,naver_search_api,http://www.whistlelark.co.kr/,2026-05-22T05:48:35+00:00
제주,affordable_stays,롯데시티호텔 제주,제주 롯데시티호텔 제주,100,20504,0,3890,0,제주특별자치도 제주시 도령로 83,숙박>호텔,naver_search_api,https://www.lottehotel.com/jeju-city/ko,2026-05-22T05:48:35+00:00
제주,affordable_stays,글로스터호텔 제주,제주 글로스터호텔 제주,100,2778,0,1127,0,제주특별자치도 제주시 삼무로 57,숙박>호텔,naver_search_api,http://www.gloucesterhotel.co.kr,2026-05-22T05:48:35+00:00
제주,affordable_stays,호텔 스테이현,제주 호텔 스테이현,100,1617,0,350,0,제주특별자치도 제주시 관덕로8길 7-12 호텔 스테이현,숙박>호텔,naver_search_api,https://blog.naver.com/stay-hyun,2026-05-22T05:48:35+00:00
제주,affordable_stays,제주R호텔&amp;게스트하우스,제주 제주R호텔&amp;게스트하우스,100,81618,0,23499,0,제주특별자치도 제주시 서광로14길 5,숙박>게스트하우스,naver_search_api,http://site.onda.me/132254,2026-05-22T05:48:35+00:00
제주,affordable_stays,한담누리 게스트하우스,제주 한담누리 게스트하우스,100,1002,0,301,0,제주특별자치도 제주시 애월읍 일주서로 6158,숙박>게스트하우스,naver_search_api,https://www.instagram.com/handamnuri_jejudo/,2026-05-22T05:48:35+00:00
제주,affordable_stays,제주감성숙소 월정연가,제주 제주감성숙소 월정연가,100,307924,0,18570,0,제주특별자치도 제주시 구좌읍 월정5길 33 102동,숙박>게스트하우스,naver_search_api,http://woljeongyeonga.com,2026-05-22T05:48:35+00:00
제주,affordable_stays,제주도 게스트하우스파티 스테이블,제주 제주도 게스트하우스파티 스테이블,100,422,0,22,0,"제주특별자치도 서귀포시 안덕면 사계북로 109 1층, 2층, 3층",숙박>게스트하우스,naver_search_api,https://www.instagram.com/stable_gh_jejudo/,2026-05-22T05:48:35+00:00
제주,affordable_stays,제주게토게스트하우스파티,제주 제주게토게스트하우스파티,100,83867,0,18001,0,제주특별자치도 서귀포시 남원읍 서의로154번길 69 제주게토게스트하우스파티,숙박>게스트하우스,naver_search_api,http://instagram.com/jejughetto,2026-05-22T05:48:35+00:00
제주,affordable_stays,제주도게스트하우스파티 사교장 공항점,제주 제주도게스트하우스파티 사교장 공항점,100,1504,0,220,0,"제주특별자치도 제주시 중앙로14길 28 2층, 3층",숙박>게스트하우스,naver_search_api,https://blog.naver.com/sakyojang_,2026-05-22T05:48:35+00:00
제주,camping,르벙쓸레브,제주 르벙쓸레브,100,503,0,43,0,제주특별자치도 제주시 한경면 청수서5길 1-13 르벙쓸레브,"숙박>캠핑,야영장",naver_search_api,https://www.instagram.com/leventcafe_zzanggu,2026-05-22T05:48:35+00:00
제주,camping,비체올린,제주 비체올린,100,4300,0,620,0,제주특별자치도 제주시 한경면 판조로 253-6 비체올린,"여행,명소>테마파크",naver_search_api,https://www.instagram.com/vicheollin,2026-05-22T05:48:35+00:00
제주,camping,코티지캠핑,제주 코티지캠핑,100,387,0,51,0,제주특별자치도 서귀포시 안덕면 감산서로 55 코티지캠핑,"숙박>캠핑,야영장",naver_search_api,https://blog.naver.com/jejusoho064-,2026-05-22T05:48:35+00:00
제주,camping,아이올레인포레스트,제주 아이올레인포레스트,100,937,0,125,0,제주특별자치도 제주시 구좌읍 덕행로 359 아이올레인포레스트,"키즈카페,실내놀이터",naver_search_api,https://iolleinforest.com,2026-05-22T05:48:35+00:00
제주,camping,야크마을 제주,제주 야크마을 제주,100,4933,0,905,0,제주특별자치도 서귀포시 색달중앙로 162 야크마을,숙박>호텔,naver_search_api,https://www.yakmaeul.com/,2026-05-22T05:48:35+00:00
제주,camping,곽지몬스터캠핑,제주 곽지몬스터캠핑,100,176,0,90,0,제주특별자치도 제주시 애월읍 일주서로 6083-3,"숙박>캠핑,야영장",naver_search_api,https://blog.naver.com/jeju-monster,2026-05-22T05:48:35+00:00
제주,camping,에코그린캠핑장,제주 에코그린캠핑장,100,352,0,399,0,제주특별자치도 제주시 애월읍 중산간서로 5587 에코그린캠핑장,"숙박>캠핑,야영장",naver_search_api,https://www.instagram.com/ecogreencamping,2026-05-22T05:48:35+00:00
제주,camping,제주벨리타캠핑장,제주 제주벨리타캠핑장,100,474,0,299,0,제주특별자치도 제주시 조천읍 중산간동로 1194,"숙박>캠핑,야영장",naver_search_api,http://제주캠핑장.한국,2026-05-22T05:48:35+00:00
제주,camping,아이올레인포레스트캠핑,제주 아이올레인포레스트캠핑,100,413,0,691,0,제주특별자치도 제주시 구좌읍 덕행로 363 아이올레인포레스트캠핑,"숙박>캠핑,야영장",naver_search_api,https://www.iolleinforest.com,2026-05-22T05:48:35+00:00
제주,camping,제주플래티늄카라반,제주 제주플래티늄카라반,100,423,0,80,0,제주특별자치도 제주시 애월읍 하귀미수포길 5-8 제주플래티늄카라반,"숙박>캠핑,야영장",naver_search_api,http://jejuptcar.com/main/index.html,2026-05-22T05:48:35+00:00
제주,camping,태흥연가,제주 태흥연가,100,561,0,48,0,제주특별자치도 서귀포시 남원읍 태위로940번길 12-50 태흥연가,숙박>펜션,naver_search_api,http://www.taeheungyeonga.com,2026-05-22T05:48:35+00:00
제주,camping,선셋코스트,제주 선셋코스트,100,791,0,466,0,제주특별자치도 서귀포시 대정읍 노을해안로 232 선셋코스트,"숙박>캠핑,야영장",naver_search_api,http://www.sunsetcoast.kr,2026-05-22T05:48:35+00:00
제주,camping,어라운드폴리,제주 어라운드폴리,100,2900,0,1908,0,제주특별자치도 서귀포시 성산읍 서성일로 433,"숙박>캠핑,야영장",naver_search_api,https://www.instagram.com/aroundfollie/,2026-05-22T05:48:35+00:00
제주,camping,숲속야영장 휴림,제주 숲속야영장 휴림,100,127,0,43,0,제주특별자치도 제주시 애월읍 광령남서길 40 휴림(캠핑장),"숙박>캠핑,야영장",naver_search_api,https://www.instagram.com/huerim.jeju,2026-05-22T05:48:35+00:00
제주,desserts,소랑아시 소품샵&amp;선물가게,제주 소랑아시 소품샵&amp;선물가게,100,516,0,8,0,제주특별자치도 서귀포시 중문관광로 27 1층,"가구,인테리어>인테리어소품",naver_search_api,https://www.instagram.com/sorangasi,2026-05-22T05:48:35+00:00
제주,desserts,찰리공장 제주동문시장본점,제주 찰리공장 제주동문시장본점,100,6647,0,285,0,제주특별자치도 제주시 중앙로13길 21 찰리공장 제주동문시장본점,"음식점>카페,디저트",naver_search_api,https://www.instagram.com/charliefactory_jeju,2026-05-22T05:48:35+00:00
제주,desserts,델문도,제주 델문도,100,42545,0,4141,0,제주특별자치도 제주시 조천읍 조함해안로 519-10,"음식점>카페,디저트",naver_search_api,http://www.delmoondo.com/,2026-05-22T05:48:35+00:00
제주,desserts,원앤온리,제주 원앤온리,100,25207,0,2581,0,제주특별자치도 서귀포시 안덕면 산방로 141 원앤온리 제주,"음식점>카페,디저트",naver_search_api,http://www.instagram.com/jejuoneandonly,2026-05-22T05:48:35+00:00
제주,desserts,아베베 베이커리 제주,제주 아베베 베이커리 제주,100,36148,0,1164,0,제주특별자치도 제주시 동문로6길 4 1-3층(일도일동),"카페,디저트>베이커리",naver_search_api,https://www.instagram.com/bakery_abebe,2026-05-22T05:48:35+00:00
제주,desserts,오드랑베이커리 함덕점,제주 오드랑베이커리 함덕점,100,3214,0,96,0,제주특별자치도 제주시 조천읍 조함해안로 552-3,"카페,디저트>베이커리",naver_search_api,https://www.instagram.com/audrant_hd,2026-05-22T05:48:35+00:00
제주,desserts,레이지펌프,제주 레이지펌프,100,15885,0,325,0,제주특별자치도 제주시 애월읍 애월북서길 32 lazypump,"음식점>카페,디저트",naver_search_api,http://instagram.com/lazy_pump,2026-05-22T05:48:35+00:00
제주,desserts,노을리,제주 노을리,100,9737,0,561,0,제주특별자치도 제주시 애월읍 애월해안로 654,"음식점>카페,디저트",naver_search_api,https://instagram.com/noeully,2026-05-22T05:48:35+00:00
제주,desserts,노티드 제주DT,제주 노티드 제주DT,100,1061,0,161,0,제주특별자치도 제주시 연오로 5 1층,"음식점>카페,디저트>카페",naver_search_api,https://www.instagram.com/cafeknotted_kr,2026-05-22T05:48:35+00:00
제주,foods,우진해장국,제주 우진해장국,100,97684,0,6270,0,제주특별자치도 제주시 서사로 11,한식>향토음식,naver_search_api,,2026-05-22T05:48:35+00:00
제주,foods,이춘옥원조고등어쌈밥 제주애월본점,제주 이춘옥원조고등어쌈밥 제주애월본점,100,14649,0,829,0,제주특별자치도 제주시 애월읍 일주서로 7213,한식>쌈밥,naver_search_api,https://www.instagram.com/jeju_gossam,2026-05-22T05:48:35+00:00
제주,foods,모루쿠다 서귀포올레시장점,제주 모루쿠다 서귀포올레시장점,100,22113,0,174,0,제주특별자치도 서귀포시 태평로431번길 32 1층 모루쿠다 서귀포올레시장점,음식점>일식>일식당,naver_search_api,https://www.instagram.com/jejusujeyori/,2026-05-22T05:48:35+00:00
제주,foods,고집돌우럭 중문점,제주 고집돌우럭 중문점,100,12823,0,517,0,제주특별자치도 서귀포시 일주서로 879,한식>향토음식,naver_search_api,https://app.catchtable.co.kr/ct/shop/gozip_jungmun?type=VISIT_RESERVATION,2026-05-22T05:48:35+00:00
제주,foods,동문올레수산 동문시장 본점,제주 동문올레수산 동문시장 본점,100,17061,0,1337,0,제주특별자치도 제주시 관덕로14길 10 동문올레수산 동문시장 본점,한식>생선회,naver_search_api,https://blog.naver.com/tlqndi2001,2026-05-22T05:48:35+00:00
제주,foods,색달식당 순살갈치조림 서귀포본점,제주 색달식당 순살갈치조림 서귀포본점,100,174999,0,9581,0,제주특별자치도 서귀포시 예래로 255-18 1층 색달식당,"한식>해물,생선요리",naver_search_api,https://app.catchtable.co.kr/ct/shop/jeju.seakdal?from=share&type=WAITING,2026-05-22T05:48:35+00:00
제주,foods,옥만이네 제주금능협재점,제주 옥만이네 제주금능협재점,100,11661,0,284,0,제주특별자치도 제주시 한림읍 한림해안로 160 1층,"한식>해물,생선요리",naver_search_api,https://www.daangn.com/kr/business-posts/69ba5fa39046b4276c4ccd44,2026-05-22T05:48:35+00:00
제주,foods,까망돼지 중문점,제주 까망돼지 중문점,100,8939,0,59,0,제주특별자치도 서귀포시 색달중앙로 21 여미지하우스 1층 까망돼지 본점,한식>돼지고기구이,naver_search_api,https://app.catchtable.co.kr/ct/shop/blackpig_jeju,2026-05-22T05:48:35+00:00
제주,foods,황해식당 제주공항 갈치,제주 황해식당 제주공항 갈치,100,90795,0,6008,0,제주특별자치도 제주시 일주서로 7682 황해식당 제주공항 갈치,"한식>해물,생선요리",naver_search_api,https://www.instagram.com/y2onjae,2026-05-22T05:48:35+00:00
제주,foods,동진식당 고기국수 동문시장점,제주 동진식당 고기국수 동문시장점,100,37734,0,2768,0,제주특별자치도 제주시 동문로 16 제주 동문시장 12번 게이트 동진식당,한식>국수,naver_search_api,https://www.instagram.com/jeju_dongjin,2026-05-22T05:48:35+00:00
제주,foods,야시장맛통령,제주 야시장맛통령,100,49,0,4,0,제주특별자치도 제주시 관덕로14길 16 제2호동 1층,음식점>한식,naver_search_api,,2026-05-22T05:48:35+00:00
제주,foods,솔동산고기국수 서귀포올레시장본점,제주 솔동산고기국수 서귀포올레시장본점,100,42593,0,3700,0,제주특별자치도 서귀포시 부두로 23 1층 솔동산고기국수,한식>국수,naver_search_api,https://booking.naver.com/booking/6/bizes/312525,2026-05-22T05:48:35+00:00
제주,foods,메밀꽃치킨,제주 메밀꽃치킨,100,2301,0,161,0,제주특별자치도 서귀포시 중앙로48번길 17-1 206,"음식점>치킨,닭강정",naver_search_api,https://www.instagram.com/memil_chicken/,2026-05-22T05:48:35+00:00
제주,foods,제성제과 올레시장점,제주 제성제과 올레시장점,100,1768,0,42,0,제주특별자치도 서귀포시 중정로73번길 13,"카페,디저트>베이커리",naver_search_api,https://www.instagram.com/jeseong_bakery/,2026-05-22T05:48:35+00:00
제주,places,카멜리아힐,제주 카멜리아힐,100,108781,0,16821,0,제주특별자치도 서귀포시 안덕면 병악로 166,"여행,명소>식물원,수목원",naver_search_api,https://www.youtube.com/@user-zh7zg4pv6q,2026-05-22T05:48:35+00:00
제주,places,아쿠아플라넷 제주,제주 아쿠아플라넷 제주,100,38445,0,6993,0,제주특별자치도 서귀포시 성산읍 섭지코지로 95 아쿠아플라넷 제주,"관람,체험>아쿠아리움",naver_search_api,http://www.aquaplanet.co.kr/jeju/index.jsp,2026-05-22T05:48:35+00:00
제주,places,오설록 티 뮤지엄,제주 오설록 티 뮤지엄,100,66564,0,7195,0,제주특별자치도 서귀포시 안덕면 신화역사로 15 오설록,"여행,명소>박물관",naver_search_api,https://booking.naver.com/booking/12/bizes/1485121,2026-05-22T05:48:35+00:00
제주,places,모루쿠다 서귀포올레시장점,제주 모루쿠다 서귀포올레시장점,100,22113,0,174,0,제주특별자치도 서귀포시 태평로431번길 32 1층 모루쿠다 서귀포올레시장점,음식점>일식>일식당,naver_search_api,https://www.instagram.com/jejusujeyori/,2026-05-22T05:48:35+00:00
제주,places,에코랜드 테마파크,제주 에코랜드 테마파크,100,98694,0,241286,0,제주특별자치도 제주시 조천읍 번영로 1278-169,"여행,명소>테마파크",naver_search_api,http://www.ecolandjeju.co.kr,2026-05-22T05:48:35+00:00
제주,places,제주방탈출(제원점),제주 제주방탈출(제원점),100,192,0,48,0,제주특별자치도 제주시 신광로 61 2층 제주방탈출카페제원점,방탈출카페,naver_search_api,http://www.제주방탈출제원.com,2026-05-22T05:48:35+00:00
제주,places,제주시청소년수련관,제주 제주시청소년수련관,100,904,0,419,0,제주특별자치도 제주시 사라봉동길 21-1,"공공,사회기관>청소년시설",naver_search_api,https://www.jejusi.go.kr/youth/main.do,2026-05-22T05:48:35+00:00
제주,places,한라산둘레길7구간(사려니숲길),제주 한라산둘레길7구간(사려니숲길),100,30814,0,5579,0,제주특별자치도 제주시 조천읍 교래리 산137-1,"여행,명소>도보코스",naver_search_api,,2026-05-22T05:48:35+00:00
제주,places,한담해안산책로,제주 한담해안산책로,100,40183,0,3981,0,제주특별자치도 제주시 애월읍 곽지리 1359,지역명소>도보코스,naver_search_api,,2026-05-22T05:48:35+00:00
제주,places,수월봉 지질트레일,제주 수월봉 지질트레일,100,7441,0,886,0,제주특별자치도 제주시 한경면 고산리 3760,"여행,명소",naver_search_api,,2026-05-22T05:48:35+00:00
제주,places,화순곶자왈생태탐방숲길,제주 화순곶자왈생태탐방숲길,100,5493,0,638,0,제주특별자치도 서귀포시 안덕면 화순리 2045,"여행,명소>산책로",naver_search_api,,2026-05-22T05:48:35+00:00
제주,places,한라산둘레길1구간(천아숲길),제주 한라산둘레길1구간(천아숲길),100,61184,0,8046,0,제주특별자치도 제주시 애월읍 광령리 산183-2,"여행,명소>도보코스",naver_search_api,,2026-05-22T05:48:35+00:00
